<manifest alg="2" build="2017.0.2.363" opt="true" iceEnabled="true" iceMarkupVersion="2" iceEnabledOptions="link,responsive,cachebuster,textStyling" exportTarget="other" domain="formsdesign.com.ua" resolutions="1x" timestamp="1488381120555">
  <folder name="css">
    <file name="site_global.css" crc="4066544623"/>
    <file name="master_______-a.css" crc="205245859" ref="project6:portfolio:project7:about:project8:project2:howwework:news:project3:project10:comingup:project9:contact:project5:winningteam:project4:project1"/>
    <file name="project6.css" crc="3965044645" ref="project6"/>
    <file name="portfolio.css" crc="341741687" ref="portfolio"/>
    <file name="project7.css" crc="528188449" ref="project7"/>
    <file name="about.css" crc="63210592" ref="about"/>
    <file name="project8.css" crc="3779428710" ref="project8"/>
    <file name="project2.css" crc="250676613" ref="project2"/>
    <file name="howwework.css" crc="42204787" ref="howwework"/>
    <file name="news.css" crc="194419246" ref="news"/>
    <file name="project3.css" crc="380416886" ref="project3"/>
    <file name="index.css" crc="90609849" ref="index"/>
    <file name="nomq_index.css" crc="4079461632" ref="index"/>
    <file name="project10.css" crc="4111496348" ref="project10"/>
    <file name="comingup.css" crc="3831463692" ref="comingup"/>
    <file name="project9.css" crc="3855765661" ref="project9"/>
    <file name="contact.css" crc="3843549150" ref="contact"/>
    <file name="project5.css" crc="531855289" ref="project5"/>
    <file name="winningteam.css" crc="58178363" ref="winningteam"/>
    <file name="project4.css" crc="3834513776" ref="project4"/>
    <file name="project1.css" crc="234411599" ref="project1"/>
  </folder>
  <folder name="fonts">
    <file name="linotype didot italic.woff" crc="515293779"/>
    <file name="linotype didot italic.eot" crc="274318766"/>
    <file name="linotype didot italic.svg" crc="3817844578"/>
    <file name="bigbossicon.woff" crc="331700122"/>
    <file name="bigbossicon.eot" crc="492749460"/>
    <file name="bigbossicon.svg" crc="4248078019"/>
    <file name="didot italic.woff" crc="217181328"/>
    <file name="didot italic.eot" crc="61137181"/>
    <file name="didot italic.svg" crc="435279975"/>
    <file name="futura light.woff" crc="4101623062"/>
    <file name="futura light.eot" crc="3931138806"/>
    <file name="futura light.svg" crc="4264483022"/>
    <file name="ftn55.woff" crc="3765503396"/>
    <file name="ftn55.eot" crc="3860788142"/>
    <file name="ftn55.svg" crc="3972767537"/>
  </folder>
  <folder name="scripts">
    <file name="jquery-1.8.3.min.js" crc="209076791" ref="index:portfolio:about:project1:news:contact:comingup:winningteam:howwework:project2:project3:project4:project5:project6:project7:project8:project9:project10"/>
    <file name="museutils.js" crc="4232573551" ref="index:portfolio:about:project1:news:contact:comingup:winningteam:howwework:project2:project3:project4:project5:project6:project7:project8:project9:project10"/>
    <file name="whatinput.js" crc="86476730" ref="index:portfolio:about:project1:news:contact:comingup:winningteam:howwework:project2:project3:project4:project5:project6:project7:project8:project9:project10"/>
    <file name="museconfig.js" crc="4152223963" ref="index:portfolio:about:project1:news:contact:comingup:winningteam:howwework:project2:project3:project4:project5:project6:project7:project8:project9:project10"/>
    <file name="jquery.watch.js" crc="3844535323" ref="index:portfolio:about:project1:news:contact:comingup:winningteam:howwework:project2:project3:project4:project5:project6:project7:project8:project9:project10"/>
    <file name="jquery.musemenu.js" crc="38860304" ref="index:portfolio:about:project1:news:contact:comingup:winningteam:howwework:project2:project3:project4:project5:project6:project7:project8:project9:project10"/>
    <file name="webpro.js" crc="3770351119" ref="index:project1:contact:project2:project3:project4:project5:project6:project7:project8:project9:project10"/>
    <file name="musewpslideshow.js" crc="4244742588" ref="index:project1:project2:project3:project4:project5:project6:project7:project8:project9:project10"/>
    <file name="jquery.museoverlay.js" crc="432750910" ref="index:project1:project2:project3:project4:project5:project6:project7:project8:project9:project10"/>
    <file name="touchswipe.js" crc="3912873526" ref="index:project1:project2:project3:project4:project5:project6:project7:project8:project9:project10"/>
    <file name="jquery.musepolyfill.bgsize.js" crc="3880853905" ref="index:portfolio:about"/>
    <file name="jquery.scrolleffects.js" crc="146279342" ref="index:portfolio:about:project1:news:contact:comingup:winningteam:howwework:project2:project3:project4:project5:project6:project7:project8:project9:project10"/>
    <file name="html5shiv.js" crc="4241844378" ref="index:portfolio:about:project1:news:contact:comingup:winningteam:howwework:project2:project3:project4:project5:project6:project7:project8:project9:project10"/>
    <file name="jquery.museresponsive.js" crc="433634197" ref="index"/>
    <file name="require.js" crc="4234670167" ref="index:portfolio:about:project1:news:contact:comingup:winningteam:howwework:project2:project3:project4:project5:project6:project7:project8:project9:project10"/>
    <file name="form_check.php" crc="3841221102" ref="contact"/>
    <file name="form_throttle.php" crc="4048049783" ref="contact"/>
    <file name="form_process.php" crc="3899230280" ref="contact"/>
    <file name="form-u5174.php" crc="120431190" ref="contact"/>
  </folder>
  <folder name="images">
    <file name="bedroom_1_light.jpg" crc="47693263" seo="true" ref="index">
      <caption webpage="index" alt=""/>
      <caption webpage="index" alt=""/>
    </file>
    <file name="blank.gif" crc="4208392903" ref="index:project1:project2:project3:project4:project5:project6:project7:project8:project9:project10"/>
    <file name="formsdesign_interior_luxury_kitchen print.jpg" crc="59112417" seo="true" ref="index:project1">
      <caption webpage="index" alt=""/>
      <caption webpage="index" alt=""/>
      <caption webpage="project1" alt=""/>
    </file>
    <file name="img_1854_1.jpg" crc="43330638" seo="true" ref="index:project2">
      <caption webpage="index" alt=""/>
      <caption webpage="index" alt=""/>
      <caption webpage="project2" alt=""/>
    </file>
    <file name="img_2191_2.jpg" crc="319422154" seo="true" ref="index:project2">
      <caption webpage="index" alt=""/>
      <caption webpage="index" alt=""/>
      <caption webpage="project2" alt=""/>
    </file>
    <file name="loading.gif" crc="3815509949" ref="index:project1:project2:project3:project4:project5:project6:project7:project8:project9:project10"/>
    <file name="img_1720_1-u467-fr.jpg" crc="3979133518" ref="index"/>
    <file name="img_1766_1-u467-r-fr.jpg" crc="187120453" ref="index"/>
    <file name="img_1996_1.jpg" crc="3863770477" ref="index">
      <caption webpage="index" alt=""/>
      <caption webpage="index" alt=""/>
    </file>
    <file name="img_1894_1.jpg" crc="531182827" ref="index">
      <caption webpage="index" alt=""/>
      <caption webpage="index" alt=""/>
    </file>
    <file name="o-l.jpg" crc="385957912" ref="index">
      <caption webpage="index" alt=""/>
      <caption webpage="index" alt=""/>
    </file>
    <file name="dark.jpg" crc="344506067" ref="index">
      <caption webpage="index" alt=""/>
      <caption webpage="index" alt=""/>
    </file>
    <file name="img_1827_1.jpg" crc="358398131" ref="index">
      <caption webpage="index" alt=""/>
    </file>
    <file name="img_1827_1-u535-fr.jpg" crc="4267891751" ref="index"/>
    <file name="img_1703_1.jpg" crc="239793942" ref="portfolio">
      <caption webpage="portfolio" alt=""/>
    </file>
    <file name="formsdesign_interior_luxury_bedroom 1 light-u1018-fr.jpg" crc="271696056" ref="portfolio"/>
    <file name="formsdesign_interior_luxury_office-u9389-fr.jpg" crc="4283164601" ref="portfolio"/>
    <file name="formsdesign_interior_luxury_1-u1159-fr.jpg" crc="355720717" ref="portfolio"/>
    <file name="formsdesign_interior_luxury_cab2-u1156-fr.jpg" crc="3771757335" ref="portfolio"/>
    <file name="formsdesign_interior_luxury_living room 3 cam 1-u1165-fr.jpg" crc="3883231834" ref="portfolio"/>
    <file name="formsdesign_interior_luxury_1-u1198-fr.jpg" crc="4239406285" ref="portfolio"/>
    <file name="formsdesign_interior_luxury_bedroom1-2-u1199-fr.jpg" crc="4090803234" ref="portfolio"/>
    <file name="formsdesign_interior_luxury_bedroom1-3-u1200-fr.jpg" crc="131240590" ref="portfolio"/>
    <file name="1.jpg" crc="201059385" ref="about">
      <caption webpage="about" alt=""/>
    </file>
    <file name="2.jpg" crc="484066267" ref="about">
      <caption webpage="about" alt=""/>
    </file>
    <file name="3.jpg" crc="19520312" ref="about">
      <caption webpage="about" alt=""/>
    </file>
    <file name="4.jpg" crc="72195482" ref="about">
      <caption webpage="about" alt=""/>
    </file>
    <file name="formsdesign_interior_luxury_1_cab.jpg" crc="159909256" seo="true" ref="project1">
      <caption webpage="project1" alt=""/>
      <caption webpage="project1" alt=""/>
    </file>
    <file name="formsdesign_interior_luxury_2_cab.jpg" crc="3919469499" seo="true" ref="project1">
      <caption webpage="project1" alt=""/>
      <caption webpage="project1" alt=""/>
    </file>
    <file name="formsdesign_interior_luxury_bathroom_1.jpg" crc="4039529761" seo="true" ref="project1">
      <caption webpage="project1" alt=""/>
      <caption webpage="project1" alt=""/>
    </file>
    <file name="formsdesign_interior_luxury_bathroom_2.jpg" crc="4024973277" seo="true" ref="project1">
      <caption webpage="project1" alt=""/>
      <caption webpage="project1" alt=""/>
    </file>
    <file name="formsdesign_interior_luxury_bedroom_1_light.jpg" crc="4076164663" seo="true" ref="project1">
      <caption webpage="project1" alt=""/>
    </file>
    <file name="formsdesign_interior_luxury_bedroom_2_1_new.jpg" crc="325208461" seo="true" ref="project1">
      <caption webpage="project1" alt=""/>
      <caption webpage="project1" alt=""/>
    </file>
    <file name="formsdesign_interior_luxury_bedroom_2_2_new.jpg" crc="4136664730" seo="true" ref="project1">
      <caption webpage="project1" alt=""/>
      <caption webpage="project1" alt=""/>
    </file>
    <file name="formsdesign_interior_luxury_bedroom_2_light.jpg" crc="4244750949" seo="true" ref="project1">
      <caption webpage="project1" alt=""/>
      <caption webpage="project1" alt=""/>
    </file>
    <file name="formsdesign_interior_luxury_bedroom_2_new.jpg" crc="4110950368" seo="true" ref="project1">
      <caption webpage="project1" alt=""/>
      <caption webpage="project1" alt=""/>
    </file>
    <file name="formsdesign_interior_luxury_bedroom_new_1.jpg" crc="459575988" seo="true" ref="project1">
      <caption webpage="project1" alt=""/>
      <caption webpage="project1" alt=""/>
    </file>
    <file name="formsdesign_interior_luxury_bedroom_new_2.jpg" crc="4131258817" seo="true" ref="project1">
      <caption webpage="project1" alt=""/>
      <caption webpage="project1" alt=""/>
    </file>
    <file name="formsdesign_interior_luxury_child-s_room.jpg" crc="4080409748" seo="true" ref="project1">
      <caption webpage="project1" alt=""/>
      <caption webpage="project1" alt=""/>
    </file>
    <file name="formsdesign_interior_luxury_child-s_room_1.jpg" crc="4170553673" seo="true" ref="project1">
      <caption webpage="project1" alt=""/>
      <caption webpage="project1" alt=""/>
    </file>
    <file name="formsdesign_interior_luxury_child-s_room_3.jpg" crc="4099397367" seo="true" ref="project1">
      <caption webpage="project1" alt=""/>
      <caption webpage="project1" alt=""/>
    </file>
    <file name="formsdesign_interior_luxury_dressing_room.jpg" crc="504422811" seo="true" ref="project1">
      <caption webpage="project1" alt=""/>
      <caption webpage="project1" alt=""/>
    </file>
    <file name="formsdesign_interior_luxury_dressing_room_new.jpg" crc="108290910" seo="true" ref="project1">
      <caption webpage="project1" alt=""/>
      <caption webpage="project1" alt=""/>
    </file>
    <file name="formsdesign_interior_luxury_dressingroom2.jpg" crc="4057525506" seo="true" ref="project1">
      <caption webpage="project1" alt=""/>
      <caption webpage="project1" alt=""/>
    </file>
    <file name="formsdesign_interior_luxury_dressingroom2-2.jpg" crc="443536919" seo="true" ref="project1">
      <caption webpage="project1" alt=""/>
      <caption webpage="project1" alt=""/>
    </file>
    <file name="formsdesign_interior_luxury_hallway_no_door.jpg" crc="3883157604" seo="true" ref="project1">
      <caption webpage="project1" alt=""/>
      <caption webpage="project1" alt=""/>
    </file>
    <file name="formsdesign_interior_luxury_kitchen_1_1.jpg" crc="3778380480" seo="true" ref="project1">
      <caption webpage="project1" alt=""/>
    </file>
    <file name="formsdesign_interior_luxury_living_room_dark_print2.jpg" crc="320930767" seo="true" ref="project1">
      <caption webpage="project1" alt=""/>
      <caption webpage="project1" alt=""/>
    </file>
    <file name="formsdesign_interior_luxury_living_room_leather.jpg" crc="4113210842" seo="true" ref="project1">
      <caption webpage="project1" alt=""/>
      <caption webpage="project1" alt=""/>
    </file>
    <file name="formsdesign_interior_luxury_tree_kitchen_p.jpg" crc="4212867349" seo="true" ref="project1">
      <caption webpage="project1" alt=""/>
      <caption webpage="project1" alt=""/>
    </file>
    <file name="formsdesign_interior_luxury_vannay_detskayas22.jpg" crc="91769782" seo="true" ref="project1">
      <caption webpage="project1" alt=""/>
      <caption webpage="project1" alt=""/>
    </file>
    <file name="formsdesign_interior_luxury_vannaya_detskaya2.jpg" crc="4155683558" seo="true" ref="project1">
      <caption webpage="project1" alt=""/>
      <caption webpage="project1" alt=""/>
    </file>
    <file name="formsdesign_interior_luxury_wc_2.jpg" crc="224268654" seo="true" ref="project1">
      <caption webpage="project1" alt=""/>
      <caption webpage="project1" alt=""/>
    </file>
    <file name="formsdesign_interior_luxury_wc1_print.jpg" crc="3886734616" seo="true" ref="project1">
      <caption webpage="project1" alt=""/>
      <caption webpage="project1" alt=""/>
    </file>
    <file name="formsdesign_interior_luxury_bedroom 1 light.jpg" crc="3758354855" seo="true" ref="project1">
      <caption webpage="project1" alt=""/>
    </file>
    <file name="formsdesign_interior_luxury_1_cab75x45.jpg" crc="315695208" seo="true" ref="project1">
      <caption webpage="project1" alt=""/>
    </file>
    <file name="formsdesign_interior_luxury_2_cab75x45.jpg" crc="4223199563" seo="true" ref="project1">
      <caption webpage="project1" alt=""/>
    </file>
    <file name="formsdesign_interior_luxury_bedroom_2_1_new75x45.jpg" crc="4225029641" seo="true" ref="project1">
      <caption webpage="project1" alt=""/>
    </file>
    <file name="formsdesign_interior_luxury_bedroom_2_2_new75x45.jpg" crc="3784165615" seo="true" ref="project1">
      <caption webpage="project1" alt=""/>
    </file>
    <file name="formsdesign_interior_luxury_bedroom_2_light75x45.jpg" crc="4050814735" seo="true" ref="project1">
      <caption webpage="project1" alt=""/>
    </file>
    <file name="formsdesign_interior_luxury_bedroom_2_new75x45.jpg" crc="3931356872" seo="true" ref="project1">
      <caption webpage="project1" alt=""/>
    </file>
    <file name="formsdesign_interior_luxury_bedroom_new_175x45.jpg" crc="489638583" seo="true" ref="project1">
      <caption webpage="project1" alt=""/>
    </file>
    <file name="formsdesign_interior_luxury_bedroom_new_275x45.jpg" crc="3773871285" seo="true" ref="project1">
      <caption webpage="project1" alt=""/>
    </file>
    <file name="formsdesign_interior_luxury_bedroom_1_light75x45.jpg" crc="102941538" seo="true" ref="project1">
      <caption webpage="project1" alt=""/>
    </file>
    <file name="formsdesign_interior_luxury_bathroom_175x45.jpg" crc="13543848" seo="true" ref="project1">
      <caption webpage="project1" alt=""/>
    </file>
    <file name="formsdesign_interior_luxury_bathroom_275x45.jpg" crc="275196201" seo="true" ref="project1">
      <caption webpage="project1" alt=""/>
    </file>
    <file name="formsdesign_interior_luxury_child-s_room75x45.jpg" crc="328401776" seo="true" ref="project1">
      <caption webpage="project1" alt=""/>
    </file>
    <file name="formsdesign_interior_luxury_child-s_room_175x45.jpg" crc="35535547" seo="true" ref="project1">
      <caption webpage="project1" alt=""/>
    </file>
    <file name="formsdesign_interior_luxury_child-s_room_375x45.jpg" crc="442913452" seo="true" ref="project1">
      <caption webpage="project1" alt=""/>
    </file>
    <file name="formsdesign_interior_luxury_hallway_no_door75x45.jpg" crc="532176025" seo="true" ref="project1">
      <caption webpage="project1" alt=""/>
    </file>
    <file name="formsdesign_interior_luxury_kitchen_1_175x45.jpg" crc="4164199741" seo="true" ref="project1">
      <caption webpage="project1" alt=""/>
    </file>
    <file name="formsdesign_interior_luxury_tree_kitchen_p75x45.jpg" crc="42278152" seo="true" ref="project1">
      <caption webpage="project1" alt=""/>
    </file>
    <file name="formsdesign_interior_luxury_dressing_room75x45.jpg" crc="4204056930" seo="true" ref="project1">
      <caption webpage="project1" alt=""/>
    </file>
    <file name="formsdesign_interior_luxury_dressing_room_new75x45.jpg" crc="392014554" seo="true" ref="project1">
      <caption webpage="project1" alt=""/>
    </file>
    <file name="formsdesign_interior_luxury_dressingroom275x45.jpg" crc="266916560" seo="true" ref="project1">
      <caption webpage="project1" alt=""/>
    </file>
    <file name="formsdesign_interior_luxury_dressingroom2-275x45.jpg" crc="4265267433" seo="true" ref="project1">
      <caption webpage="project1" alt=""/>
    </file>
    <file name="formsdesign_interior_luxury_vannay_detskayas2275x45.jpg" crc="355812087" seo="true" ref="project1">
      <caption webpage="project1" alt=""/>
    </file>
    <file name="formsdesign_interior_luxury_vannaya_detskaya275x45.jpg" crc="4262708986" seo="true" ref="project1">
      <caption webpage="project1" alt=""/>
    </file>
    <file name="formsdesign_interior_luxury_wc_275x45.jpg" crc="27312189" seo="true" ref="project1">
      <caption webpage="project1" alt=""/>
    </file>
    <file name="formsdesign_interior_luxury_wc1_print75x45.jpg" crc="3944465291" seo="true" ref="project1">
      <caption webpage="project1" alt=""/>
    </file>
    <file name="formsdesign_interior_luxury_living_room_dark_print275x45.jpg" crc="4206835814" seo="true" ref="project1">
      <caption webpage="project1" alt=""/>
    </file>
    <file name="formsdesign_interior_luxury_living_room_leather75x45.jpg" crc="4095568092" seo="true" ref="project1">
      <caption webpage="project1" alt=""/>
    </file>
    <file name="living room cam1.jpg" crc="92180490" ref="news:comingup:winningteam:howwework">
      <caption webpage="comingup" alt=""/>
      <caption webpage="winningteam" alt=""/>
      <caption webpage="howwework" alt=""/>
      <caption webpage="news" alt=""/>
      <caption webpage="news" alt=""/>
      <caption webpage="news" alt=""/>
    </file>
    <file name="formsdesign_interior_luxury_ear.jpg" crc="3940545168" seo="true" ref="project2">
      <caption webpage="project2" alt=""/>
    </file>
    <file name="formsdesign_interior_luxury_ear1.jpg" crc="4131676204" seo="true" ref="project2">
      <caption webpage="project2" alt=""/>
    </file>
    <file name="formsdesign_interior_luxury_img_1703_2.jpg" crc="258862775" seo="true" ref="project2">
      <caption webpage="project2" alt=""/>
    </file>
    <file name="formsdesign_interior_luxury_img_1711_1.jpg" crc="4271072746" seo="true" ref="project2">
      <caption webpage="project2" alt=""/>
    </file>
    <file name="formsdesign_interior_luxury_img_1720_1.jpg" crc="4040325632" seo="true" ref="project2">
      <caption webpage="project2" alt=""/>
    </file>
    <file name="formsdesign_interior_luxury_img_1729_1.jpg" crc="4252909716" seo="true" ref="project2">
      <caption webpage="project2" alt=""/>
    </file>
    <file name="formsdesign_interior_luxury_img_1735_1-crop-u25065.jpg" crc="4089438215" seo="true" ref="project2">
      <caption webpage="project2" alt=""/>
    </file>
    <file name="formsdesign_interior_luxury_img_1766_1.jpg" crc="4097945755" seo="true" ref="project2">
      <caption webpage="project2" alt=""/>
    </file>
    <file name="formsdesign_interior_luxury_img_1772_1-crop-u25105.jpg" crc="4075605995" seo="true" ref="project2">
      <caption webpage="project2" alt=""/>
    </file>
    <file name="formsdesign_interior_luxury_img_1781_1.jpg" crc="10078970" seo="true" ref="project2">
      <caption webpage="project2" alt=""/>
    </file>
    <file name="formsdesign_interior_luxury_img_1782_1-crop-u25145.jpg" crc="3807347736" seo="true" ref="project2">
      <caption webpage="project2" alt=""/>
    </file>
    <file name="formsdesign_interior_luxury_img_1795_1.jpg" crc="260365937" seo="true" ref="project2">
      <caption webpage="project2" alt=""/>
    </file>
    <file name="formsdesign_interior_luxury_img_1814_1.jpg" crc="270937077" seo="true" ref="project2">
      <caption webpage="project2" alt=""/>
    </file>
    <file name="formsdesign_interior_luxury_img_1821_1.jpg" crc="4292729218" seo="true" ref="project2">
      <caption webpage="project2" alt=""/>
    </file>
    <file name="formsdesign_interior_luxury_img_1824_1.jpg" crc="285974462" seo="true" ref="project2">
      <caption webpage="project2" alt=""/>
    </file>
    <file name="formsdesign_interior_luxury_img_1827_1.jpg" crc="4071014138" seo="true" ref="project2">
      <caption webpage="project2" alt=""/>
    </file>
    <file name="formsdesign_interior_luxury_img_1838_1.jpg" crc="521742015" seo="true" ref="project2">
      <caption webpage="project2" alt=""/>
    </file>
    <file name="formsdesign_interior_luxury_img_1854_1.jpg" crc="70639649" seo="true" ref="project2">
      <caption webpage="project2" alt=""/>
    </file>
    <file name="formsdesign_interior_luxury_img_1879_1.jpg" crc="315382333" seo="true" ref="project2">
      <caption webpage="project2" alt=""/>
    </file>
    <file name="formsdesign_interior_luxury_img_1899_1.jpg" crc="308565247" seo="true" ref="project2">
      <caption webpage="project2" alt=""/>
    </file>
    <file name="formsdesign_interior_luxury_img_1915_1.jpg" crc="4294362333" seo="true" ref="project2">
      <caption webpage="project2" alt=""/>
    </file>
    <file name="formsdesign_interior_luxury_img_1960_1.jpg" crc="3966271356" seo="true" ref="project2">
      <caption webpage="project2" alt=""/>
    </file>
    <file name="formsdesign_interior_luxury_img_1965_1.jpg" crc="4224428118" seo="true" ref="project2">
      <caption webpage="project2" alt=""/>
    </file>
    <file name="formsdesign_interior_luxury_img_1996_1-crop-u25405.jpg" crc="320937615" seo="true" ref="project2">
      <caption webpage="project2" alt=""/>
    </file>
    <file name="formsdesign_interior_luxury_img_2012_1.jpg" crc="105579278" seo="true" ref="project2">
      <caption webpage="project2" alt=""/>
    </file>
    <file name="formsdesign_interior_luxury_img_2018_1.jpg" crc="501312834" seo="true" ref="project2">
      <caption webpage="project2" alt=""/>
    </file>
    <file name="formsdesign_interior_luxury_img_2055_1-crop-u25465.jpg" crc="3949811178" seo="true" ref="project2">
      <caption webpage="project2" alt=""/>
    </file>
    <file name="formsdesign_interior_luxury_img_2058_1-crop-u25485.jpg" crc="425423826" seo="true" ref="project2">
      <caption webpage="project2" alt=""/>
    </file>
    <file name="formsdesign_interior_luxury_img_2066_1.jpg" crc="360017451" seo="true" ref="project2">
      <caption webpage="project2" alt=""/>
    </file>
    <file name="formsdesign_interior_luxury_img_2071_1.jpg" crc="3798842801" seo="true" ref="project2">
      <caption webpage="project2" alt=""/>
    </file>
    <file name="formsdesign_interior_luxury_img_2076_1.jpg" crc="115753086" seo="true" ref="project2">
      <caption webpage="project2" alt=""/>
    </file>
    <file name="formsdesign_interior_luxury_img_2081_1.jpg" crc="122409144" seo="true" ref="project2">
      <caption webpage="project2" alt=""/>
    </file>
    <file name="formsdesign_interior_luxury_img_2102_1-crop-u25585.jpg" crc="419169548" seo="true" ref="project2">
      <caption webpage="project2" alt=""/>
    </file>
    <file name="formsdesign_interior_luxury_img_2107_1-crop-u25605.jpg" crc="3856943514" seo="true" ref="project2">
      <caption webpage="project2" alt=""/>
    </file>
    <file name="formsdesign_interior_luxury_img_2117_1-crop-u25625.jpg" crc="364938832" seo="true" ref="project2">
      <caption webpage="project2" alt=""/>
    </file>
    <file name="formsdesign_interior_luxury_img_2140_1-crop-u25645.jpg" crc="3971092410" seo="true" ref="project2">
      <caption webpage="project2" alt=""/>
    </file>
    <file name="formsdesign_interior_luxury_img_2143_1.jpg" crc="4171257104" seo="true" ref="project2">
      <caption webpage="project2" alt=""/>
    </file>
    <file name="formsdesign_interior_luxury_img_2147_1.jpg" crc="3772151658" seo="true" ref="project2">
      <caption webpage="project2" alt=""/>
    </file>
    <file name="formsdesign_interior_luxury_img_2152_1.jpg" crc="4242819236" seo="true" ref="project2">
      <caption webpage="project2" alt=""/>
    </file>
    <file name="formsdesign_interior_luxury_img_2154_1.jpg" crc="3923890784" seo="true" ref="project2">
      <caption webpage="project2" alt=""/>
    </file>
    <file name="formsdesign_interior_luxury_img_2155_1.jpg" crc="343782643" seo="true" ref="project2">
      <caption webpage="project2" alt=""/>
    </file>
    <file name="formsdesign_interior_luxury_img_2159_1.jpg" crc="3948697521" seo="true" ref="project2">
      <caption webpage="project2" alt=""/>
    </file>
    <file name="formsdesign_interior_luxury_img_2162_1-crop-u25785.jpg" crc="4164056872" seo="true" ref="project2">
      <caption webpage="project2" alt=""/>
    </file>
    <file name="formsdesign_interior_luxury_img_2166_1-crop-u25805.jpg" crc="212431455" seo="true" ref="project2">
      <caption webpage="project2" alt=""/>
    </file>
    <file name="formsdesign_interior_luxury_img_2168_1-crop-u25825.jpg" crc="4204081149" seo="true" ref="project2">
      <caption webpage="project2" alt=""/>
    </file>
    <file name="formsdesign_interior_luxury_img_2169_1.jpg" crc="13697565" seo="true" ref="project2">
      <caption webpage="project2" alt=""/>
    </file>
    <file name="formsdesign_interior_luxury_img_2177_1.jpg" crc="37717454" seo="true" ref="project2">
      <caption webpage="project2" alt=""/>
    </file>
    <file name="formsdesign_interior_luxury_img_2182_1.jpg" crc="4284849125" seo="true" ref="project2">
      <caption webpage="project2" alt=""/>
    </file>
    <file name="formsdesign_interior_luxury_img_2184_1.jpg" crc="4015621175" seo="true" ref="project2">
      <caption webpage="project2" alt=""/>
    </file>
    <file name="formsdesign_interior_luxury_img_2188_1-crop-u25925.jpg" crc="198241988" seo="true" ref="project2">
      <caption webpage="project2" alt=""/>
    </file>
    <file name="formsdesign_interior_luxury_img_2189_1.jpg" crc="11003393" seo="true" ref="project2">
      <caption webpage="project2" alt=""/>
    </file>
    <file name="formsdesign_interior_luxury_img_2191_2.jpg" crc="492213775" seo="true" ref="project2">
      <caption webpage="project2" alt=""/>
    </file>
    <file name="formsdesign_interior_luxury_img_2196_1.jpg" crc="14102342" seo="true" ref="project2">
      <caption webpage="project2" alt=""/>
    </file>
    <file name="formsdesign_interior_luxury_samaya glavnaya.jpg" crc="4246091711" seo="true" ref="project2">
      <caption webpage="project2" alt=""/>
    </file>
    <file name="formsdesign_interior_luxury_xxoz1.jpg" crc="372866506" seo="true" ref="project2">
      <caption webpage="project2" alt=""/>
    </file>
    <file name="formsdesign_interior_luxury_living_1.jpg" crc="258862775" seo="true" ref="project2">
      <caption webpage="project2" alt=""/>
    </file>
    <file name="formsdesign_interior_luxury_living_2.jpg" crc="270937077" seo="true" ref="project2">
      <caption webpage="project2" alt=""/>
    </file>
    <file name="formsdesign_interior_luxury_living_3.jpg" crc="4292729218" seo="true" ref="project2">
      <caption webpage="project2" alt=""/>
    </file>
    <file name="formsdesign_interior_luxury_living_4.jpg" crc="285974462" seo="true" ref="project2">
      <caption webpage="project2" alt=""/>
    </file>
    <file name="formsdesign_interior_luxury_living_5.jpg" crc="4071014138" seo="true" ref="project2">
      <caption webpage="project2" alt=""/>
    </file>
    <file name="formsdesign_interior_luxury_living_6.jpg" crc="521742015" seo="true" ref="project2">
      <caption webpage="project2" alt=""/>
    </file>
    <file name="formsdesign_interior_luxury_living_8.jpg" crc="13697565" seo="true" ref="project2">
      <caption webpage="project2" alt=""/>
    </file>
    <file name="formsdesign_interior_luxury_living_9.jpg" crc="4246091711" seo="true" ref="project2">
      <caption webpage="project2" alt=""/>
    </file>
    <file name="formsdesign_interior_luxury_living_10.jpg" crc="37717454" seo="true" ref="project2">
      <caption webpage="project2" alt=""/>
    </file>
    <file name="formsdesign_interior_luxury_living_11.jpg" crc="4231546707" seo="true" ref="project2">
      <caption webpage="project2" alt=""/>
    </file>
    <file name="formsdesign_interior_luxury_living_12.jpg" crc="502949870" seo="true" ref="project2">
      <caption webpage="project2" alt=""/>
    </file>
    <file name="formsdesign_interior_luxury_living_13-crop-u23135.jpg" crc="381881208" seo="true" ref="project2">
      <caption webpage="project2" alt=""/>
    </file>
    <file name="formsdesign_interior_luxury_living_14.jpg" crc="77802212" seo="true" ref="project2">
      <caption webpage="project2" alt=""/>
    </file>
    <file name="formsdesign_interior_luxury_living_16.jpg" crc="14102342" seo="true" ref="project2">
      <caption webpage="project2" alt=""/>
    </file>
    <file name="formsdesign_interior_luxury_bedroom_1.jpg" crc="315382333" seo="true" ref="project2">
      <caption webpage="project2" alt=""/>
    </file>
    <file name="formsdesign_interior_luxury_bedroom_2-crop-u23314.jpg" crc="413017770" seo="true" ref="project2">
      <caption webpage="project2" alt=""/>
    </file>
    <file name="formsdesign_interior_luxury_bedroom_3.jpg" crc="308565247" seo="true" ref="project2">
      <caption webpage="project2" alt=""/>
    </file>
    <file name="formsdesign_interior_luxury_bedroom_4.jpg" crc="4294362333" seo="true" ref="project2">
      <caption webpage="project2" alt=""/>
    </file>
    <file name="formsdesign_interior_luxury_bedroom_5.jpg" crc="3966271356" seo="true" ref="project2">
      <caption webpage="project2" alt=""/>
    </file>
    <file name="formsdesign_interior_luxury_bedroom_6.jpg" crc="4224428118" seo="true" ref="project2">
      <caption webpage="project2" alt=""/>
    </file>
    <file name="formsdesign_interior_luxury_bedroom_7-crop-u23414.jpg" crc="320937615" seo="true" ref="project2">
      <caption webpage="project2" alt=""/>
    </file>
    <file name="formsdesign_interior_luxury_bedroom_8-crop-u23434.jpg" crc="212431455" seo="true" ref="project2">
      <caption webpage="project2" alt=""/>
    </file>
    <file name="formsdesign_interior_luxury_bedroom_9-crop-u23454.jpg" crc="4204081149" seo="true" ref="project2">
      <caption webpage="project2" alt=""/>
    </file>
    <file name="img_1720_1.jpg" crc="165123773" seo="true" ref="project2">
      <caption webpage="project2" alt=""/>
    </file>
    <file name="formsdesign_interior_luxury_baby_for_girl_3.jpg" crc="4252909716" seo="true" ref="project2">
      <caption webpage="project2" alt=""/>
    </file>
    <file name="formsdesign_interior_luxury_baby_for_girl_4-crop-u23634.jpg" crc="475007033" seo="true" ref="project2">
      <caption webpage="project2" alt=""/>
    </file>
    <file name="formsdesign_interior_luxury_baby_for_girl_5-crop-u23654.jpg" crc="4089438215" seo="true" ref="project2">
      <caption webpage="project2" alt=""/>
    </file>
    <file name="img_1766_1.jpg" crc="4253971196" seo="true" ref="project2">
      <caption webpage="project2" alt=""/>
    </file>
    <file name="formsdesign_interior_luxury_baby_for_girl_9-crop-u23734.jpg" crc="4075605995" seo="true" ref="project2">
      <caption webpage="project2" alt=""/>
    </file>
    <file name="formsdesign_interior_luxury_baby_for_girl_10.jpg" crc="10078970" seo="true" ref="project2">
      <caption webpage="project2" alt=""/>
    </file>
    <file name="formsdesign_interior_luxury_baby_for_girl_11-crop-u23774.jpg" crc="3807347736" seo="true" ref="project2">
      <caption webpage="project2" alt=""/>
    </file>
    <file name="formsdesign_interior_luxury_baby_for_girl_12-crop-u23794.jpg" crc="3767160026" seo="true" ref="project2">
      <caption webpage="project2" alt=""/>
    </file>
    <file name="formsdesign_interior_luxury_baby_for_girl_13.jpg" crc="260365937" seo="true" ref="project2">
      <caption webpage="project2" alt=""/>
    </file>
    <file name="formsdesign_interior_luxury_nursery_1.jpg" crc="360017451" seo="true" ref="project2">
      <caption webpage="project2" alt=""/>
    </file>
    <file name="formsdesign_interior_luxury_nursery_2.jpg" crc="3798842801" seo="true" ref="project2">
      <caption webpage="project2" alt=""/>
    </file>
    <file name="formsdesign_interior_luxury_nursery_3.jpg" crc="122409144" seo="true" ref="project2">
      <caption webpage="project2" alt=""/>
    </file>
    <file name="formsdesign_interior_luxury_nursery_4.jpg" crc="115753086" seo="true" ref="project2">
      <caption webpage="project2" alt=""/>
    </file>
    <file name="formsdesign_interior_luxury_nursery_5.jpg" crc="3940545168" seo="true" ref="project2">
      <caption webpage="project2" alt=""/>
    </file>
    <file name="formsdesign_interior_luxury_bathroom_12.jpg" crc="4131676204" seo="true" ref="project2">
      <caption webpage="project2" alt=""/>
    </file>
    <file name="formsdesign_interior_luxury_bathroom_2-crop-u24063.jpg" crc="3949811178" seo="true" ref="project2">
      <caption webpage="project2" alt=""/>
    </file>
    <file name="formsdesign_interior_luxury_bathroom_3-crop-u24083.jpg" crc="425423826" seo="true" ref="project2">
      <caption webpage="project2" alt=""/>
    </file>
    <file name="formsdesign_interior_luxury_bathroom_4-crop-u24103.jpg" crc="419169548" seo="true" ref="project2">
      <caption webpage="project2" alt=""/>
    </file>
    <file name="formsdesign_interior_luxury_bathroom_5-crop-u24123.jpg" crc="3856943514" seo="true" ref="project2">
      <caption webpage="project2" alt=""/>
    </file>
    <file name="formsdesign_interior_luxury_bathroom_6-crop-u24143.jpg" crc="364938832" seo="true" ref="project2">
      <caption webpage="project2" alt=""/>
    </file>
    <file name="formsdesign_interior_luxury_bathroom_7.jpg" crc="244580883" seo="true" ref="project2">
      <caption webpage="project2" alt=""/>
    </file>
    <file name="formsdesign_interior_luxury_bathroom_8.jpg" crc="372866506" seo="true" ref="project2">
      <caption webpage="project2" alt=""/>
    </file>
    <file name="formsdesign_interior_luxury_hookah_1-crop-u24267.jpg" crc="3971092410" seo="true" ref="project2">
      <caption webpage="project2" alt=""/>
    </file>
    <file name="formsdesign_interior_luxury_hookah_2.jpg" crc="4171257104" seo="true" ref="project2">
      <caption webpage="project2" alt=""/>
    </file>
    <file name="formsdesign_interior_luxury_hookah_3.jpg" crc="3772151658" seo="true" ref="project2">
      <caption webpage="project2" alt=""/>
    </file>
    <file name="formsdesign_interior_luxury_hookah_4.jpg" crc="4242819236" seo="true" ref="project2">
      <caption webpage="project2" alt=""/>
    </file>
    <file name="formsdesign_interior_luxury_hookah_5.jpg" crc="3923890784" seo="true" ref="project2">
      <caption webpage="project2" alt=""/>
    </file>
    <file name="formsdesign_interior_luxury_hookah_6.jpg" crc="343782643" seo="true" ref="project2">
      <caption webpage="project2" alt=""/>
    </file>
    <file name="formsdesign_interior_luxury_hookah_7.jpg" crc="3948697521" seo="true" ref="project2">
      <caption webpage="project2" alt=""/>
    </file>
    <file name="formsdesign_interior_luxury_hookah_8-crop-u24407.jpg" crc="4164056872" seo="true" ref="project2">
      <caption webpage="project2" alt=""/>
    </file>
    <file name="formsdesign_interior_luxury_tiras_1.jpg" crc="105579278" seo="true" ref="project2">
      <caption webpage="project2" alt=""/>
    </file>
    <file name="formsdesign_interior_luxury_tiras_2.jpg" crc="4021441022" seo="true" ref="project2">
      <caption webpage="project2" alt=""/>
    </file>
    <file name="formsdesign_interior_luxury_tiras_3.jpg" crc="501312834" seo="true" ref="project2">
      <caption webpage="project2" alt=""/>
    </file>
    <file name="formsdesign_interior_luxury_tiras_4.jpg" crc="491885311" seo="true" ref="project2">
      <caption webpage="project2" alt=""/>
    </file>
    <file name="formsdesign_interior_luxury_tiras_5.jpg" crc="154459056" seo="true" ref="project2">
      <caption webpage="project2" alt=""/>
    </file>
    <file name="formsdesign_interior_luxury_living_168x45.jpg" crc="344929528" seo="true" ref="project2">
      <caption webpage="project2" alt=""/>
    </file>
    <file name="formsdesign_interior_luxury_living_268x45.jpg" crc="4201815364" seo="true" ref="project2">
      <caption webpage="project2" alt=""/>
    </file>
    <file name="formsdesign_interior_luxury_living_368x45.jpg" crc="4255154782" seo="true" ref="project2">
      <caption webpage="project2" alt=""/>
    </file>
    <file name="formsdesign_interior_luxury_living_468x45.jpg" crc="4151507723" seo="true" ref="project2">
      <caption webpage="project2" alt=""/>
    </file>
    <file name="formsdesign_interior_luxury_living_568x45.jpg" crc="350113164" seo="true" ref="project2">
      <caption webpage="project2" alt=""/>
    </file>
    <file name="formsdesign_interior_luxury_living_668x45.jpg" crc="14247237" seo="true" ref="project2">
      <caption webpage="project2" alt=""/>
    </file>
    <file name="formsdesign_interior_luxury_living_7.jpg" crc="81088182" seo="true" ref="project2">
      <caption webpage="project2" alt=""/>
    </file>
    <file name="formsdesign_interior_luxury_living_868x45.jpg" crc="3948228970" seo="true" ref="project2">
      <caption webpage="project2" alt=""/>
    </file>
    <file name="formsdesign_interior_luxury_living_968x45.jpg" crc="493961081" seo="true" ref="project2">
      <caption webpage="project2" alt=""/>
    </file>
    <file name="formsdesign_interior_luxury_living_1068x45.jpg" crc="3876054363" seo="true" ref="project2">
      <caption webpage="project2" alt=""/>
    </file>
    <file name="formsdesign_interior_luxury_living_1168x45.jpg" crc="4269512192" seo="true" ref="project2">
      <caption webpage="project2" alt=""/>
    </file>
    <file name="formsdesign_interior_luxury_living_1268x45.jpg" crc="347612431" seo="true" ref="project2">
      <caption webpage="project2" alt=""/>
    </file>
    <file name="formsdesign_interior_luxury_living_13-crop-u23141.jpg" crc="3921211473" seo="true" ref="project2">
      <caption webpage="project2" alt=""/>
    </file>
    <file name="formsdesign_interior_luxury_living_1468x45.jpg" crc="4069696990" seo="true" ref="project2">
      <caption webpage="project2" alt=""/>
    </file>
    <file name="formsdesign_interior_luxury_living_15.jpg" crc="4290157575" seo="true" ref="project2">
      <caption webpage="project2" alt=""/>
    </file>
    <file name="formsdesign_interior_luxury_living_1668x45.jpg" crc="3789783037" seo="true" ref="project2">
      <caption webpage="project2" alt=""/>
    </file>
    <file name="formsdesign_interior_luxury_bedroom_168x45.jpg" crc="227514818" seo="true" ref="project2">
      <caption webpage="project2" alt=""/>
    </file>
    <file name="formsdesign_interior_luxury_bedroom_2-crop-u23320.jpg" crc="4106889834" seo="true" ref="project2">
      <caption webpage="project2" alt=""/>
    </file>
    <file name="formsdesign_interior_luxury_bedroom_368x45.jpg" crc="3886945292" seo="true" ref="project2">
      <caption webpage="project2" alt=""/>
    </file>
    <file name="formsdesign_interior_luxury_bedroom_468x45.jpg" crc="473030491" seo="true" ref="project2">
      <caption webpage="project2" alt=""/>
    </file>
    <file name="formsdesign_interior_luxury_bedroom_568x45.jpg" crc="141703945" seo="true" ref="project2">
      <caption webpage="project2" alt=""/>
    </file>
    <file name="formsdesign_interior_luxury_bedroom_668x45.jpg" crc="81895044" seo="true" ref="project2">
      <caption webpage="project2" alt=""/>
    </file>
    <file name="formsdesign_interior_luxury_bedroom_7-crop-u23420.jpg" crc="3767956914" seo="true" ref="project2">
      <caption webpage="project2" alt=""/>
    </file>
    <file name="formsdesign_interior_luxury_bedroom_8-crop-u23440.jpg" crc="185880290" seo="true" ref="project2">
      <caption webpage="project2" alt=""/>
    </file>
    <file name="formsdesign_interior_luxury_bedroom_9-crop-u23460.jpg" crc="3763742093" seo="true" ref="project2">
      <caption webpage="project2" alt=""/>
    </file>
    <file name="formsdesign_interior_luxury_baby_for_girl_2.jpg" crc="230055782" seo="true" ref="project2">
      <caption webpage="project2" alt=""/>
    </file>
    <file name="formsdesign_interior_luxury_baby_for_girl_368x45.jpg" crc="4190491039" seo="true" ref="project2">
      <caption webpage="project2" alt=""/>
    </file>
    <file name="formsdesign_interior_luxury_baby_for_girl_4-crop-u23640.jpg" crc="437735182" seo="true" ref="project2">
      <caption webpage="project2" alt=""/>
    </file>
    <file name="formsdesign_interior_luxury_baby_for_girl_5-crop-u23660.jpg" crc="457447933" seo="true" ref="project2">
      <caption webpage="project2" alt=""/>
    </file>
    <file name="formsdesign_interior_luxury_baby_for_girl_8.jpg" crc="3821418134" seo="true" ref="project2">
      <caption webpage="project2" alt=""/>
    </file>
    <file name="formsdesign_interior_luxury_baby_for_girl_9-crop-u23740.jpg" crc="3839730182" seo="true" ref="project2">
      <caption webpage="project2" alt=""/>
    </file>
    <file name="formsdesign_interior_luxury_baby_for_girl_1068x45.jpg" crc="4149869944" seo="true" ref="project2">
      <caption webpage="project2" alt=""/>
    </file>
    <file name="formsdesign_interior_luxury_baby_for_girl_11-crop-u23780.jpg" crc="4250342670" seo="true" ref="project2">
      <caption webpage="project2" alt=""/>
    </file>
    <file name="formsdesign_interior_luxury_baby_for_girl_12-crop-u23800.jpg" crc="4052752939" seo="true" ref="project2">
      <caption webpage="project2" alt=""/>
    </file>
    <file name="formsdesign_interior_luxury_baby_for_girl_1368x45.jpg" crc="3893485595" seo="true" ref="project2">
      <caption webpage="project2" alt=""/>
    </file>
    <file name="formsdesign_interior_luxury_nursery_168x45.jpg" crc="126260482" seo="true" ref="project2">
      <caption webpage="project2" alt=""/>
    </file>
    <file name="formsdesign_interior_luxury_nursery_268x45.jpg" crc="299679013" seo="true" ref="project2">
      <caption webpage="project2" alt=""/>
    </file>
    <file name="formsdesign_interior_luxury_nursery_368x45.jpg" crc="3822971334" seo="true" ref="project2">
      <caption webpage="project2" alt=""/>
    </file>
    <file name="formsdesign_interior_luxury_nursery_468x45.jpg" crc="232348056" seo="true" ref="project2">
      <caption webpage="project2" alt=""/>
    </file>
    <file name="formsdesign_interior_luxury_nursery_568x45.jpg" crc="4189389831" seo="true" ref="project2">
      <caption webpage="project2" alt=""/>
    </file>
    <file name="formsdesign_interior_luxury_bathroom_160x45.jpg" crc="94673003" seo="true" ref="project2">
      <caption webpage="project2" alt=""/>
    </file>
    <file name="formsdesign_interior_luxury_bathroom_2-crop-u24069.jpg" crc="153483966" seo="true" ref="project2">
      <caption webpage="project2" alt=""/>
    </file>
    <file name="formsdesign_interior_luxury_bathroom_3-crop-u24089.jpg" crc="179978396" seo="true" ref="project2">
      <caption webpage="project2" alt=""/>
    </file>
    <file name="formsdesign_interior_luxury_bathroom_4-crop-u24109.jpg" crc="3981824702" seo="true" ref="project2">
      <caption webpage="project2" alt=""/>
    </file>
    <file name="formsdesign_interior_luxury_bathroom_5-crop-u24129.jpg" crc="90177969" seo="true" ref="project2">
      <caption webpage="project2" alt=""/>
    </file>
    <file name="formsdesign_interior_luxury_bathroom_6-crop-u24149.jpg" crc="282684248" seo="true" ref="project2">
      <caption webpage="project2" alt=""/>
    </file>
    <file name="formsdesign_interior_luxury_bathroom_768x45.jpg" crc="268843811" seo="true" ref="project2">
      <caption webpage="project2" alt=""/>
    </file>
    <file name="formsdesign_interior_luxury_bathroom_860x45.jpg" crc="238201324" seo="true" ref="project2">
      <caption webpage="project2" alt=""/>
    </file>
    <file name="formsdesign_interior_luxury_hookah_1-crop-u24273.jpg" crc="4077465786" seo="true" ref="project2">
      <caption webpage="project2" alt=""/>
    </file>
    <file name="formsdesign_interior_luxury_hookah_268x45.jpg" crc="194801772" seo="true" ref="project2">
      <caption webpage="project2" alt=""/>
    </file>
    <file name="formsdesign_interior_luxury_hookah_368x45.jpg" crc="4230133736" seo="true" ref="project2">
      <caption webpage="project2" alt=""/>
    </file>
    <file name="formsdesign_interior_luxury_hookah_468x45.jpg" crc="4234986716" seo="true" ref="project2">
      <caption webpage="project2" alt=""/>
    </file>
    <file name="formsdesign_interior_luxury_hookah_568x45.jpg" crc="150631773" seo="true" ref="project2">
      <caption webpage="project2" alt=""/>
    </file>
    <file name="formsdesign_interior_luxury_hookah_668x45.jpg" crc="3957007172" seo="true" ref="project2">
      <caption webpage="project2" alt=""/>
    </file>
    <file name="formsdesign_interior_luxury_hookah_768x45.jpg" crc="424713330" seo="true" ref="project2">
      <caption webpage="project2" alt=""/>
    </file>
    <file name="formsdesign_interior_luxury_hookah_8-crop-u24413.jpg" crc="22466836" seo="true" ref="project2">
      <caption webpage="project2" alt=""/>
    </file>
    <file name="formsdesign_interior_luxury_tiras_168x45.jpg" crc="4013857373" seo="true" ref="project2">
      <caption webpage="project2" alt=""/>
    </file>
    <file name="formsdesign_interior_luxury_tiras_268x45.jpg" crc="4088762796" seo="true" ref="project2">
      <caption webpage="project2" alt=""/>
    </file>
    <file name="formsdesign_interior_luxury_tiras_368x45.jpg" crc="227092441" seo="true" ref="project2">
      <caption webpage="project2" alt=""/>
    </file>
    <file name="formsdesign_interior_luxury_tiras_468x45.jpg" crc="4089268585" seo="true" ref="project2">
      <caption webpage="project2" alt=""/>
    </file>
    <file name="formsdesign_interior_luxury_tiras_568x45.jpg" crc="201796999" seo="true" ref="project2">
      <caption webpage="project2" alt=""/>
    </file>
    <file name="formsdesign_interior_luxury_cam2.jpg" crc="351418387" seo="true" ref="project3">
      <caption webpage="project3" alt=""/>
      <caption webpage="project3" alt=""/>
    </file>
    <file name="formsdesign_interior_luxury_cam3.jpg" crc="3972171663" seo="true" ref="project3">
      <caption webpage="project3" alt=""/>
      <caption webpage="project3" alt=""/>
    </file>
    <file name="formsdesign_interior_luxury_cam4.jpg" crc="3867152622" seo="true" ref="project3">
      <caption webpage="project3" alt=""/>
      <caption webpage="project3" alt=""/>
    </file>
    <file name="formsdesign_interior_luxury_cam5.jpg" crc="87322662" seo="true" ref="project3">
      <caption webpage="project3" alt=""/>
      <caption webpage="project3" alt=""/>
    </file>
    <file name="formsdesign_interior_luxury_cam6.jpg" crc="102702898" seo="true" ref="project3">
      <caption webpage="project3" alt=""/>
      <caption webpage="project3" alt=""/>
    </file>
    <file name="formsdesign_interior_luxury_cam7.jpg" crc="4257089684" seo="true" ref="project3">
      <caption webpage="project3" alt=""/>
      <caption webpage="project3" alt=""/>
    </file>
    <file name="formsdesign_interior_luxury_kitchen.jpg" crc="379890723" seo="true" ref="project3">
      <caption webpage="project3" alt=""/>
      <caption webpage="project3" alt=""/>
    </file>
    <file name="formsdesign_interior_luxury_office.jpg" crc="3953899191" seo="true" ref="project3">
      <caption webpage="project3" alt=""/>
      <caption webpage="project3" alt=""/>
    </file>
    <file name="formsdesign_interior_luxury_cam275x45.jpg" crc="506577727" seo="true" ref="project3">
      <caption webpage="project3" alt=""/>
    </file>
    <file name="formsdesign_interior_luxury_cam375x45.jpg" crc="4100876990" seo="true" ref="project3">
      <caption webpage="project3" alt=""/>
    </file>
    <file name="formsdesign_interior_luxury_cam475x45.jpg" crc="529140999" seo="true" ref="project3">
      <caption webpage="project3" alt=""/>
    </file>
    <file name="formsdesign_interior_luxury_cam575x45.jpg" crc="3891093029" seo="true" ref="project3">
      <caption webpage="project3" alt=""/>
    </file>
    <file name="formsdesign_interior_luxury_cam675x45.jpg" crc="3921744763" seo="true" ref="project3">
      <caption webpage="project3" alt=""/>
    </file>
    <file name="formsdesign_interior_luxury_cam775x45.jpg" crc="3894336250" seo="true" ref="project3">
      <caption webpage="project3" alt=""/>
    </file>
    <file name="formsdesign_interior_luxury_kitchen75x45.jpg" crc="57010064" seo="true" ref="project3">
      <caption webpage="project3" alt=""/>
    </file>
    <file name="formsdesign_interior_luxury_office75x45.jpg" crc="3953748591" seo="true" ref="project3">
      <caption webpage="project3" alt=""/>
    </file>
    <file name="formsdesign_interior_luxury_bedroom1.jpg" crc="3813384705" seo="true" ref="project4">
      <caption webpage="project4" alt=""/>
      <caption webpage="project4" alt=""/>
    </file>
    <file name="formsdesign_interior_luxury_bedroom2.jpg" crc="3963571297" seo="true" ref="project4">
      <caption webpage="project4" alt=""/>
      <caption webpage="project4" alt=""/>
    </file>
    <file name="formsdesign_interior_luxury_cab1.jpg" crc="62173621" seo="true" ref="project4">
      <caption webpage="project4" alt=""/>
      <caption webpage="project4" alt=""/>
    </file>
    <file name="formsdesign_interior_luxury_cab2.jpg" crc="4291727147" seo="true" ref="project4">
      <caption webpage="project4" alt=""/>
      <caption webpage="project4" alt=""/>
    </file>
    <file name="formsdesign_interior_luxury_kitchen1.jpg" crc="4115844143" seo="true" ref="project4">
      <caption webpage="project4" alt=""/>
      <caption webpage="project4" alt=""/>
    </file>
    <file name="formsdesign_interior_luxury_livingroom 1.jpg" crc="118041266" seo="true" ref="project4">
      <caption webpage="project4" alt=""/>
      <caption webpage="project4" alt=""/>
    </file>
    <file name="formsdesign_interior_luxury_wc 1 print.jpg" crc="3853608138" seo="true" ref="project4">
      <caption webpage="project4" alt=""/>
      <caption webpage="project4" alt=""/>
    </file>
    <file name="formsdesign_interior_luxury_wc 2 print.jpg" crc="366284713" seo="true" ref="project4">
      <caption webpage="project4" alt=""/>
      <caption webpage="project4" alt=""/>
    </file>
    <file name="formsdesign_interior_luxury_wc 3.jpg" crc="62258030" seo="true" ref="project4">
      <caption webpage="project4" alt=""/>
      <caption webpage="project4" alt=""/>
    </file>
    <file name="formsdesign_interior_luxury_wc 4.jpg" crc="4207084207" seo="true" ref="project4">
      <caption webpage="project4" alt=""/>
      <caption webpage="project4" alt=""/>
    </file>
    <file name="formsdesign_interior_luxury_bedroom175x45.jpg" crc="3984936223" seo="true" ref="project4">
      <caption webpage="project4" alt=""/>
    </file>
    <file name="formsdesign_interior_luxury_bedroom275x45.jpg" crc="328312328" seo="true" ref="project4">
      <caption webpage="project4" alt=""/>
    </file>
    <file name="formsdesign_interior_luxury_cab175x45.jpg" crc="292674448" seo="true" ref="project4">
      <caption webpage="project4" alt=""/>
    </file>
    <file name="formsdesign_interior_luxury_cab275x45.jpg" crc="172862219" seo="true" ref="project4">
      <caption webpage="project4" alt=""/>
    </file>
    <file name="formsdesign_interior_luxury_kitchen175x45.jpg" crc="3888193470" seo="true" ref="project4">
      <caption webpage="project4" alt=""/>
    </file>
    <file name="formsdesign_interior_luxury_livingroom 175x45.jpg" crc="3812667218" seo="true" ref="project4">
      <caption webpage="project4" alt=""/>
    </file>
    <file name="formsdesign_interior_luxury_wc 1 print75x45.jpg" crc="4224587936" seo="true" ref="project4">
      <caption webpage="project4" alt=""/>
    </file>
    <file name="formsdesign_interior_luxury_wc 2 print75x45.jpg" crc="418208631" seo="true" ref="project4">
      <caption webpage="project4" alt=""/>
    </file>
    <file name="formsdesign_interior_luxury_wc 375x45.jpg" crc="362244283" seo="true" ref="project4">
      <caption webpage="project4" alt=""/>
    </file>
    <file name="formsdesign_interior_luxury_wc 475x45.jpg" crc="203483197" seo="true" ref="project4">
      <caption webpage="project4" alt=""/>
    </file>
    <file name="formsdesign_interior_luxury_1.jpg" crc="3980425145" seo="true" ref="project5">
      <caption webpage="project5" alt=""/>
      <caption webpage="project5" alt=""/>
    </file>
    <file name="formsdesign_interior_luxury_3.jpg" crc="97656541" seo="true" ref="project5">
      <caption webpage="project5" alt=""/>
      <caption webpage="project5" alt=""/>
    </file>
    <file name="formsdesign_interior_luxury_4.jpg" crc="4167630566" seo="true" ref="project5">
      <caption webpage="project5" alt=""/>
      <caption webpage="project5" alt=""/>
    </file>
    <file name="formsdesign_interior_luxury_5.jpg" crc="4139852192" seo="true" ref="project5">
      <caption webpage="project5" alt=""/>
      <caption webpage="project5" alt=""/>
    </file>
    <file name="formsdesign_interior_luxury_6.jpg" crc="3836875371" seo="true" ref="project5">
      <caption webpage="project5" alt=""/>
      <caption webpage="project5" alt=""/>
    </file>
    <file name="formsdesign_interior_luxury_7-1.jpg" crc="173887063" seo="true" ref="project5">
      <caption webpage="project5" alt=""/>
      <caption webpage="project5" alt=""/>
    </file>
    <file name="formsdesign_interior_luxury_167x45.jpg" crc="157065816" seo="true" ref="project5">
      <caption webpage="project5" alt=""/>
    </file>
    <file name="formsdesign_interior_luxury_367x45.jpg" crc="4134238111" seo="true" ref="project5">
      <caption webpage="project5" alt=""/>
    </file>
    <file name="formsdesign_interior_luxury_467x45.jpg" crc="4187703471" seo="true" ref="project5">
      <caption webpage="project5" alt=""/>
    </file>
    <file name="formsdesign_interior_luxury_567x45.jpg" crc="414717467" seo="true" ref="project5">
      <caption webpage="project5" alt=""/>
    </file>
    <file name="formsdesign_interior_luxury_667x45.jpg" crc="3868890317" seo="true" ref="project5">
      <caption webpage="project5" alt=""/>
    </file>
    <file name="formsdesign_interior_luxury_7-167x45.jpg" crc="341127607" seo="true" ref="project5">
      <caption webpage="project5" alt=""/>
    </file>
    <file name="formsdesign_interior_luxury_bathroom cam1.jpg" crc="400767855" seo="true" ref="project6">
      <caption webpage="project6" alt=""/>
      <caption webpage="project6" alt=""/>
    </file>
    <file name="formsdesign_interior_luxury_bathroom cam3.jpg" crc="326398205" seo="true" ref="project6">
      <caption webpage="project6" alt=""/>
      <caption webpage="project6" alt=""/>
    </file>
    <file name="formsdesign_interior_luxury_bedroom 2 cam 2.jpg" crc="3785789987" seo="true" ref="project6">
      <caption webpage="project6" alt=""/>
      <caption webpage="project6" alt=""/>
    </file>
    <file name="formsdesign_interior_luxury_bedroom style 2 cam 1.jpg" crc="4141279480" seo="true" ref="project6">
      <caption webpage="project6" alt=""/>
      <caption webpage="project6" alt=""/>
    </file>
    <file name="formsdesign_interior_luxury_hallway cam 1.jpg" crc="3825593614" seo="true" ref="project6">
      <caption webpage="project6" alt=""/>
      <caption webpage="project6" alt=""/>
    </file>
    <file name="formsdesign_interior_luxury_hallway cam2.jpg" crc="3927884431" seo="true" ref="project6">
      <caption webpage="project6" alt=""/>
      <caption webpage="project6" alt=""/>
    </file>
    <file name="formsdesign_interior_luxury_living room 3 cam 1.jpg" crc="517017559" seo="true" ref="project6">
      <caption webpage="project6" alt=""/>
      <caption webpage="project6" alt=""/>
    </file>
    <file name="formsdesign_interior_luxury_living room 3 cam1.jpg" crc="356958110" seo="true" ref="project6">
      <caption webpage="project6" alt=""/>
      <caption webpage="project6" alt=""/>
    </file>
    <file name="formsdesign_interior_luxury_bathroom cam175x45.jpg" crc="68228312" seo="true" ref="project6">
      <caption webpage="project6" alt=""/>
    </file>
    <file name="formsdesign_interior_luxury_bathroom cam375x45.jpg" crc="495012059" seo="true" ref="project6">
      <caption webpage="project6" alt=""/>
    </file>
    <file name="formsdesign_interior_luxury_bedroom 2 cam 275x45.jpg" crc="434600498" seo="true" ref="project6">
      <caption webpage="project6" alt=""/>
    </file>
    <file name="formsdesign_interior_luxury_bedroom style 2 cam 175x45.jpg" crc="532034598" seo="true" ref="project6">
      <caption webpage="project6" alt=""/>
    </file>
    <file name="formsdesign_interior_luxury_hallway cam 175x45.jpg" crc="4076649474" seo="true" ref="project6">
      <caption webpage="project6" alt=""/>
    </file>
    <file name="formsdesign_interior_luxury_hallway cam275x45.jpg" crc="3961741992" seo="true" ref="project6">
      <caption webpage="project6" alt=""/>
    </file>
    <file name="formsdesign_interior_luxury_living room 3 cam 175x45.jpg" crc="386627976" seo="true" ref="project6">
      <caption webpage="project6" alt=""/>
    </file>
    <file name="formsdesign_interior_luxury_living room 3 cam175x45.jpg" crc="3781495381" seo="true" ref="project6">
      <caption webpage="project6" alt=""/>
    </file>
    <file name="formsdesign_interior_luxury_12.jpg" crc="3854315686" seo="true" ref="project7">
      <caption webpage="project7" alt=""/>
      <caption webpage="project7" alt=""/>
    </file>
    <file name="formsdesign_interior_luxury_32.jpg" crc="358135077" seo="true" ref="project7">
      <caption webpage="project7" alt=""/>
      <caption webpage="project7" alt=""/>
    </file>
    <file name="formsdesign_interior_luxury_42.jpg" crc="223053523" seo="true" ref="project7">
      <caption webpage="project7" alt=""/>
      <caption webpage="project7" alt=""/>
    </file>
    <file name="formsdesign_interior_luxury_62.jpg" crc="360993809" seo="true" ref="project7">
      <caption webpage="project7" alt=""/>
      <caption webpage="project7" alt=""/>
    </file>
    <file name="formsdesign_interior_luxury_7.jpg" crc="4164637037" seo="true" ref="project7">
      <caption webpage="project7" alt=""/>
      <caption webpage="project7" alt=""/>
    </file>
    <file name="formsdesign_interior_luxury_9.jpg" crc="136687335" seo="true" ref="project7">
      <caption webpage="project7" alt=""/>
      <caption webpage="project7" alt=""/>
    </file>
    <file name="formsdesign_interior_luxury_122.jpg" crc="326894196" seo="true" ref="project7">
      <caption webpage="project7" alt=""/>
      <caption webpage="project7" alt=""/>
    </file>
    <file name="formsdesign_interior_luxury_13.jpg" crc="228601763" seo="true" ref="project7">
      <caption webpage="project7" alt=""/>
      <caption webpage="project7" alt=""/>
    </file>
    <file name="formsdesign_interior_luxury_livingroom 2.jpg" crc="265683902" seo="true" ref="project7">
      <caption webpage="project7" alt=""/>
      <caption webpage="project7" alt=""/>
    </file>
    <file name="formsdesign_interior_luxury_vika_2etazh.jpg" crc="3807011776" seo="true" ref="project7">
      <caption webpage="project7" alt=""/>
      <caption webpage="project7" alt=""/>
    </file>
    <file name="formsdesign_interior_luxury_160x45.jpg" crc="4171439881" seo="true" ref="project7">
      <caption webpage="project7" alt=""/>
    </file>
    <file name="formsdesign_interior_luxury_360x45.jpg" crc="174664834" seo="true" ref="project7">
      <caption webpage="project7" alt=""/>
    </file>
    <file name="formsdesign_interior_luxury_460x45.jpg" crc="344206500" seo="true" ref="project7">
      <caption webpage="project7" alt=""/>
    </file>
    <file name="formsdesign_interior_luxury_660x45.jpg" crc="3762886204" seo="true" ref="project7">
      <caption webpage="project7" alt=""/>
    </file>
    <file name="formsdesign_interior_luxury_760x45.jpg" crc="347740900" seo="true" ref="project7">
      <caption webpage="project7" alt=""/>
    </file>
    <file name="formsdesign_interior_luxury_960x45.jpg" crc="219588863" seo="true" ref="project7">
      <caption webpage="project7" alt=""/>
    </file>
    <file name="formsdesign_interior_luxury_1260x45.jpg" crc="174393688" seo="true" ref="project7">
      <caption webpage="project7" alt=""/>
    </file>
    <file name="formsdesign_interior_luxury_1360x45.jpg" crc="4187274020" seo="true" ref="project7">
      <caption webpage="project7" alt=""/>
    </file>
    <file name="formsdesign_interior_luxury_livingroom 260x45.jpg" crc="245591097" seo="true" ref="project7">
      <caption webpage="project7" alt=""/>
    </file>
    <file name="formsdesign_interior_luxury_vika_2etazh64x45.jpg" crc="226170275" seo="true" ref="project7">
      <caption webpage="project7" alt=""/>
    </file>
    <file name="formsdesign_interior_luxury_2.jpg" crc="3916790788" seo="true" ref="project8">
      <caption webpage="project8" alt=""/>
      <caption webpage="project8" alt=""/>
    </file>
    <file name="formsdesign_interior_luxury_33.jpg" crc="3805188691" seo="true" ref="project8">
      <caption webpage="project8" alt=""/>
      <caption webpage="project8" alt=""/>
    </file>
    <file name="formsdesign_interior_luxury_43.jpg" crc="4091874905" seo="true" ref="project8">
      <caption webpage="project8" alt=""/>
      <caption webpage="project8" alt=""/>
    </file>
    <file name="formsdesign_interior_luxury_52.jpg" crc="4135709278" seo="true" ref="project8">
      <caption webpage="project8" alt=""/>
      <caption webpage="project8" alt=""/>
    </file>
    <file name="formsdesign_interior_luxury_bedroom12.jpg" crc="452101882" seo="true" ref="project8">
      <caption webpage="project8" alt=""/>
      <caption webpage="project8" alt=""/>
    </file>
    <file name="formsdesign_interior_luxury_bedroom1-2.jpg" crc="25594010" seo="true" ref="project8">
      <caption webpage="project8" alt=""/>
      <caption webpage="project8" alt=""/>
    </file>
    <file name="formsdesign_interior_luxury_guest wc.jpg" crc="60576757" seo="true" ref="project8">
      <caption webpage="project8" alt=""/>
      <caption webpage="project8" alt=""/>
    </file>
    <file name="formsdesign_interior_luxury_hallway1.jpg" crc="3918032458" seo="true" ref="project8">
      <caption webpage="project8" alt=""/>
      <caption webpage="project8" alt=""/>
    </file>
    <file name="formsdesign_interior_luxury_hallway2.jpg" crc="501808088" seo="true" ref="project8">
      <caption webpage="project8" alt=""/>
      <caption webpage="project8" alt=""/>
    </file>
    <file name="formsdesign_interior_luxury_kidroom 2.jpg" crc="3974799281" seo="true" ref="project8">
      <caption webpage="project8" alt=""/>
      <caption webpage="project8" alt=""/>
    </file>
    <file name="formsdesign_interior_luxury_livingroom 12.jpg" crc="154901731" seo="true" ref="project8">
      <caption webpage="project8" alt=""/>
      <caption webpage="project8" alt=""/>
    </file>
    <file name="formsdesign_interior_luxury_livingroom 22.jpg" crc="392063138" seo="true" ref="project8">
      <caption webpage="project8" alt=""/>
      <caption webpage="project8" alt=""/>
    </file>
    <file name="formsdesign_interior_luxury_260x45.jpg" crc="379951510" seo="true" ref="project8">
      <caption webpage="project8" alt=""/>
    </file>
    <file name="formsdesign_interior_luxury_360x452.jpg" crc="3902379956" seo="true" ref="project8">
      <caption webpage="project8" alt=""/>
    </file>
    <file name="formsdesign_interior_luxury_460x452.jpg" crc="140701989" seo="true" ref="project8">
      <caption webpage="project8" alt=""/>
    </file>
    <file name="formsdesign_interior_luxury_560x45.jpg" crc="97161169" seo="true" ref="project8">
      <caption webpage="project8" alt=""/>
    </file>
    <file name="formsdesign_interior_luxury_bedroom160x45.jpg" crc="119617962" seo="true" ref="project8">
      <caption webpage="project8" alt=""/>
    </file>
    <file name="formsdesign_interior_luxury_bedroom1-260x45.jpg" crc="3869624688" seo="true" ref="project8">
      <caption webpage="project8" alt=""/>
    </file>
    <file name="formsdesign_interior_luxury_guest wc60x45.jpg" crc="139700605" seo="true" ref="project8">
      <caption webpage="project8" alt=""/>
    </file>
    <file name="formsdesign_interior_luxury_hallway160x45.jpg" crc="473165838" seo="true" ref="project8">
      <caption webpage="project8" alt=""/>
    </file>
    <file name="formsdesign_interior_luxury_hallway260x45.jpg" crc="4090311445" seo="true" ref="project8">
      <caption webpage="project8" alt=""/>
    </file>
    <file name="formsdesign_interior_luxury_kidroom 260x45.jpg" crc="386591495" seo="true" ref="project8">
      <caption webpage="project8" alt=""/>
    </file>
    <file name="formsdesign_interior_luxury_livingroom 160x45.jpg" crc="131397560" seo="true" ref="project8">
      <caption webpage="project8" alt=""/>
    </file>
    <file name="formsdesign_interior_luxury_livingroom 260x452.jpg" crc="3999762440" seo="true" ref="project8">
      <caption webpage="project8" alt=""/>
    </file>
    <file name="formsdesign_interior_luxury_14.jpg" crc="3945798784" seo="true" ref="project9">
      <caption webpage="project9" alt=""/>
      <caption webpage="project9" alt=""/>
    </file>
    <file name="formsdesign_interior_luxury_22.jpg" crc="3892641410" seo="true" ref="project9">
      <caption webpage="project9" alt=""/>
      <caption webpage="project9" alt=""/>
    </file>
    <file name="formsdesign_interior_luxury_34.jpg" crc="31388211" seo="true" ref="project9">
      <caption webpage="project9" alt=""/>
      <caption webpage="project9" alt=""/>
    </file>
    <file name="formsdesign_interior_luxury_bathroom1.jpg" crc="3805699646" seo="true" ref="project9">
      <caption webpage="project9" alt=""/>
      <caption webpage="project9" alt=""/>
    </file>
    <file name="formsdesign_interior_luxury_bathroom2-1.jpg" crc="430271863" seo="true" ref="project9">
      <caption webpage="project9" alt=""/>
      <caption webpage="project9" alt=""/>
    </file>
    <file name="formsdesign_interior_luxury_bathroom2-2.jpg" crc="47450936" seo="true" ref="project9">
      <caption webpage="project9" alt=""/>
      <caption webpage="project9" alt=""/>
    </file>
    <file name="formsdesign_interior_luxury_bedboom 3-3.jpg" crc="524788008" seo="true" ref="project9">
      <caption webpage="project9" alt=""/>
      <caption webpage="project9" alt=""/>
    </file>
    <file name="formsdesign_interior_luxury_bedroom1-22.jpg" crc="222023905" seo="true" ref="project9">
      <caption webpage="project9" alt=""/>
      <caption webpage="project9" alt=""/>
    </file>
    <file name="formsdesign_interior_luxury_bedroom1-3.jpg" crc="4187091505" seo="true" ref="project9">
      <caption webpage="project9" alt=""/>
      <caption webpage="project9" alt=""/>
    </file>
    <file name="formsdesign_interior_luxury_bedroom2-1.jpg" crc="3829948106" seo="true" ref="project9">
      <caption webpage="project9" alt=""/>
      <caption webpage="project9" alt=""/>
    </file>
    <file name="formsdesign_interior_luxury_bedroom2-2.jpg" crc="4190684148" seo="true" ref="project9">
      <caption webpage="project9" alt=""/>
      <caption webpage="project9" alt=""/>
    </file>
    <file name="formsdesign_interior_luxury_bedroom11.jpg" crc="4197361497" seo="true" ref="project9">
      <caption webpage="project9" alt=""/>
      <caption webpage="project9" alt=""/>
    </file>
    <file name="formsdesign_interior_luxury_beedroom 3-11.jpg" crc="461274888" seo="true" ref="project9">
      <caption webpage="project9" alt=""/>
      <caption webpage="project9" alt=""/>
    </file>
    <file name="formsdesign_interior_luxury_hallway.jpg" crc="3854309310" seo="true" ref="project9">
      <caption webpage="project9" alt=""/>
      <caption webpage="project9" alt=""/>
    </file>
    <file name="formsdesign_interior_luxury_kitchen 3.jpg" crc="90834661" seo="true" ref="project9">
      <caption webpage="project9" alt=""/>
      <caption webpage="project9" alt=""/>
    </file>
    <file name="formsdesign_interior_luxury_kitchen viktoriia.jpg" crc="3789098096" seo="true" ref="project9">
      <caption webpage="project9" alt=""/>
      <caption webpage="project9" alt=""/>
    </file>
    <file name="formsdesign_interior_luxury_livingroom.jpg" crc="3868664194" seo="true" ref="project9">
      <caption webpage="project9" alt=""/>
      <caption webpage="project9" alt=""/>
    </file>
    <file name="formsdesign_interior_luxury_livingroom2.jpg" crc="345636028" seo="true" ref="project9">
      <caption webpage="project9" alt=""/>
      <caption webpage="project9" alt=""/>
    </file>
    <file name="formsdesign_interior_luxury_160x452.jpg" crc="351384059" seo="true" ref="project9">
      <caption webpage="project9" alt=""/>
    </file>
    <file name="formsdesign_interior_luxury_260x452.jpg" crc="493964885" seo="true" ref="project9">
      <caption webpage="project9" alt=""/>
    </file>
    <file name="formsdesign_interior_luxury_360x453.jpg" crc="3908622562" seo="true" ref="project9">
      <caption webpage="project9" alt=""/>
    </file>
    <file name="formsdesign_interior_luxury_bathroom160x45.jpg" crc="4276098582" seo="true" ref="project9">
      <caption webpage="project9" alt=""/>
    </file>
    <file name="formsdesign_interior_luxury_bathroom2-160x45.jpg" crc="97102379" seo="true" ref="project9">
      <caption webpage="project9" alt=""/>
    </file>
    <file name="formsdesign_interior_luxury_bathroom2-260x45.jpg" crc="3905650620" seo="true" ref="project9">
      <caption webpage="project9" alt=""/>
    </file>
    <file name="formsdesign_interior_luxury_bedboom 3-367x45.jpg" crc="4266718198" seo="true" ref="project9">
      <caption webpage="project9" alt=""/>
    </file>
    <file name="formsdesign_interior_luxury_bedroom1-260x452.jpg" crc="4271435563" seo="true" ref="project9">
      <caption webpage="project9" alt=""/>
    </file>
    <file name="formsdesign_interior_luxury_bedroom1-360x45.jpg" crc="4219924887" seo="true" ref="project9">
      <caption webpage="project9" alt=""/>
    </file>
    <file name="formsdesign_interior_luxury_bedroom2-160x45.jpg" crc="3951542649" seo="true" ref="project9">
      <caption webpage="project9" alt=""/>
    </file>
    <file name="formsdesign_interior_luxury_bedroom2-260x45.jpg" crc="4025360129" seo="true" ref="project9">
      <caption webpage="project9" alt=""/>
    </file>
    <file name="formsdesign_interior_luxury_bedroom1160x45.jpg" crc="4226784912" seo="true" ref="project9">
      <caption webpage="project9" alt=""/>
    </file>
    <file name="formsdesign_interior_luxury_beedroom 3-1167x45.jpg" crc="92331874" seo="true" ref="project9">
      <caption webpage="project9" alt=""/>
    </file>
    <file name="formsdesign_interior_luxury_hallway60x45.jpg" crc="279849081" seo="true" ref="project9">
      <caption webpage="project9" alt=""/>
    </file>
    <file name="formsdesign_interior_luxury_kitchen 360x45.jpg" crc="4124057168" seo="true" ref="project9">
      <caption webpage="project9" alt=""/>
    </file>
    <file name="formsdesign_interior_luxury_kitchen viktoriia60x45.jpg" crc="359115937" seo="true" ref="project9">
      <caption webpage="project9" alt=""/>
    </file>
    <file name="formsdesign_interior_luxury_livingroom60x45.jpg" crc="3997745738" seo="true" ref="project9">
      <caption webpage="project9" alt=""/>
    </file>
    <file name="formsdesign_interior_luxury_livingroom260x45.jpg" crc="4292739131" seo="true" ref="project9">
      <caption webpage="project9" alt=""/>
    </file>
    <file name="formsdesign_interior_luxury_1_fotor_collage_fotor.jpg" crc="3936332215" seo="true" ref="project10">
      <caption webpage="project10" alt=""/>
      <caption webpage="project10" alt=""/>
    </file>
    <file name="formsdesign_interior_luxury_2_fotor_collage.jpg" crc="206706435" seo="true" ref="project10">
      <caption webpage="project10" alt=""/>
      <caption webpage="project10" alt=""/>
    </file>
    <file name="formsdesign_interior_luxury_3_fotor_collage.jpg" crc="481854645" seo="true" ref="project10">
      <caption webpage="project10" alt=""/>
      <caption webpage="project10" alt=""/>
    </file>
    <file name="formsdesign_interior_luxury_5_fotor_collage.jpg" crc="143328486" seo="true" ref="project10">
      <caption webpage="project10" alt=""/>
      <caption webpage="project10" alt=""/>
    </file>
    <file name="formsdesign_interior_luxury_8_fotor_collage-crop-u35530.jpg" crc="4047310337" seo="true" ref="project10">
      <caption webpage="project10" alt=""/>
    </file>
    <file name="formsdesign_interior_luxury_9_fotor_collage-crop-u35550.jpg" crc="3765088661" seo="true" ref="project10">
      <caption webpage="project10" alt=""/>
    </file>
    <file name="formsdesign_interior_luxury_11 kitchen_fotor_collage.jpg" crc="88714772" seo="true" ref="project10">
      <caption webpage="project10" alt=""/>
      <caption webpage="project10" alt=""/>
    </file>
    <file name="formsdesign_interior_luxury_12 kitchen_fotor_collage.jpg" crc="4128643993" seo="true" ref="project10">
      <caption webpage="project10" alt=""/>
      <caption webpage="project10" alt=""/>
    </file>
    <file name="formsdesign_interior_luxury_13 kitchen_fotor_collage.jpg" crc="3803649119" seo="true" ref="project10">
      <caption webpage="project10" alt=""/>
      <caption webpage="project10" alt=""/>
    </file>
    <file name="formsdesign_interior_luxury_14 kitchen_fotor_collage-crop-u35630.jpg" crc="153387122" seo="true" ref="project10">
      <caption webpage="project10" alt=""/>
    </file>
    <file name="formsdesign_interior_luxury_15 kitchen_fotor_collage-crop-u35650.jpg" crc="184327574" seo="true" ref="project10">
      <caption webpage="project10" alt=""/>
    </file>
    <file name="formsdesign_interior_luxury_16 livingroom_collage_fotor.jpg" crc="3976783711" seo="true" ref="project10">
      <caption webpage="project10" alt=""/>
      <caption webpage="project10" alt=""/>
    </file>
    <file name="formsdesign_interior_luxury_17_fotor_collage_fotor.jpg" crc="207107020" seo="true" ref="project10">
      <caption webpage="project10" alt=""/>
      <caption webpage="project10" alt=""/>
    </file>
    <file name="formsdesign_interior_luxury_18 leavingroom_fotor_collage.jpg" crc="3842384540" seo="true" ref="project10">
      <caption webpage="project10" alt=""/>
      <caption webpage="project10" alt=""/>
    </file>
    <file name="formsdesign_interior_luxury_18_fotor_collage_fotor.jpg" crc="182235883" seo="true" ref="project10">
      <caption webpage="project10" alt=""/>
      <caption webpage="project10" alt=""/>
    </file>
    <file name="formsdesign_interior_luxury_20 outdoor_fotor_collage.jpg" crc="157214938" seo="true" ref="project10">
      <caption webpage="project10" alt=""/>
      <caption webpage="project10" alt=""/>
    </file>
    <file name="formsdesign_interior_luxury_21 outdoor_fotor_collage_fotor.jpg" crc="211943252" seo="true" ref="project10">
      <caption webpage="project10" alt=""/>
      <caption webpage="project10" alt=""/>
    </file>
    <file name="formsdesign_interior_luxury_22outdoor_fotor_collage_fotor.jpg" crc="4051549741" seo="true" ref="project10">
      <caption webpage="project10" alt=""/>
      <caption webpage="project10" alt=""/>
    </file>
    <file name="formsdesign_interior_luxury_24 gym_fotor_collage-crop-u35810.jpg" crc="3777844851" seo="true" ref="project10">
      <caption webpage="project10" alt=""/>
    </file>
    <file name="formsdesign_interior_luxury_25_fotor_collage-crop-u35830.jpg" crc="4135006442" seo="true" ref="project10">
      <caption webpage="project10" alt=""/>
    </file>
    <file name="formsdesign_interior_luxury_28 fotor_collage-crop-u35850.jpg" crc="324449731" seo="true" ref="project10">
      <caption webpage="project10" alt=""/>
    </file>
    <file name="formsdesign_interior_luxury_30 kid bedroom_fotor_collage-crop-u35870.jpg" crc="29910012" seo="true" ref="project10">
      <caption webpage="project10" alt=""/>
    </file>
    <file name="formsdesign_interior_luxury_31 kid bedroom_fotor_collage-crop-u35890.jpg" crc="3778450505" seo="true" ref="project10">
      <caption webpage="project10" alt=""/>
    </file>
    <file name="formsdesign_interior_luxury_32 wc.jpg" crc="46708872" seo="true" ref="project10">
      <caption webpage="project10" alt=""/>
      <caption webpage="project10" alt=""/>
    </file>
    <file name="formsdesign_interior_luxury_33 wc.jpg" crc="4050450414" seo="true" ref="project10">
      <caption webpage="project10" alt=""/>
      <caption webpage="project10" alt=""/>
    </file>
    <file name="formsdesign_interior_luxury_bedroom 1-crop-u35950.jpg" crc="3847743824" seo="true" ref="project10">
      <caption webpage="project10" alt=""/>
    </file>
    <file name="formsdesign_interior_luxury_14 kitchen_fotor_collage-crop-u36105.jpg" crc="153387122" seo="true" ref="project10">
      <caption webpage="project10" alt=""/>
    </file>
    <file name="formsdesign_interior_luxury_15 kitchen_fotor_collage-crop-u36125.jpg" crc="184327574" seo="true" ref="project10">
      <caption webpage="project10" alt=""/>
    </file>
    <file name="formsdesign_interior_luxury_24 gym_fotor_collage-crop-u36285.jpg" crc="3777844851" seo="true" ref="project10">
      <caption webpage="project10" alt=""/>
    </file>
    <file name="formsdesign_interior_luxury_25_fotor_collage-crop-u36305.jpg" crc="4135006442" seo="true" ref="project10">
      <caption webpage="project10" alt=""/>
    </file>
    <file name="formsdesign_interior_luxury_28 fotor_collage-crop-u36325.jpg" crc="324449731" seo="true" ref="project10">
      <caption webpage="project10" alt=""/>
    </file>
    <file name="formsdesign_interior_luxury_30 kid bedroom_fotor_collage-crop-u36345.jpg" crc="29910012" seo="true" ref="project10">
      <caption webpage="project10" alt=""/>
    </file>
    <file name="formsdesign_interior_luxury_31 kid bedroom_fotor_collage-crop-u36365.jpg" crc="3778450505" seo="true" ref="project10">
      <caption webpage="project10" alt=""/>
    </file>
    <file name="formsdesign_interior_luxury_bedroom 1-crop-u36425.jpg" crc="3847743824" seo="true" ref="project10">
      <caption webpage="project10" alt=""/>
    </file>
    <file name="formsdesign_interior_luxury_8_fotor_collage-crop-u36525.jpg" crc="4047310337" seo="true" ref="project10">
      <caption webpage="project10" alt=""/>
    </file>
    <file name="formsdesign_interior_luxury_9_fotor_collage-crop-u36545.jpg" crc="3765088661" seo="true" ref="project10">
      <caption webpage="project10" alt=""/>
    </file>
    <file name="formsdesign_interior_luxury_13 kitchen_fotor_collage60x45.jpg" crc="3796640254" seo="true" ref="project10">
      <caption webpage="project10" alt=""/>
    </file>
    <file name="formsdesign_interior_luxury_14 kitchen_fotor_collage-crop-u36111.jpg" crc="3804351345" seo="true" ref="project10">
      <caption webpage="project10" alt=""/>
    </file>
    <file name="formsdesign_interior_luxury_15 kitchen_fotor_collage-crop-u36131.jpg" crc="4228496836" seo="true" ref="project10">
      <caption webpage="project10" alt=""/>
    </file>
    <file name="formsdesign_interior_luxury_16 livingroom_collage_fotor60x45.jpg" crc="485066059" seo="true" ref="project10">
      <caption webpage="project10" alt=""/>
    </file>
    <file name="formsdesign_interior_luxury_17_fotor_collage_fotor60x45.jpg" crc="3955817121" seo="true" ref="project10">
      <caption webpage="project10" alt=""/>
    </file>
    <file name="formsdesign_interior_luxury_18 leavingroom_fotor_collage60x45.jpg" crc="369901057" seo="true" ref="project10">
      <caption webpage="project10" alt=""/>
    </file>
    <file name="formsdesign_interior_luxury_18_fotor_collage_fotor60x45.jpg" crc="4202926507" seo="true" ref="project10">
      <caption webpage="project10" alt=""/>
    </file>
    <file name="formsdesign_interior_luxury_20 outdoor_fotor_collage60x45.jpg" crc="164906218" seo="true" ref="project10">
      <caption webpage="project10" alt=""/>
    </file>
    <file name="formsdesign_interior_luxury_21 outdoor_fotor_collage_fotor60x45.jpg" crc="4205025824" seo="true" ref="project10">
      <caption webpage="project10" alt=""/>
    </file>
    <file name="formsdesign_interior_luxury_22outdoor_fotor_collage_fotor60x45.jpg" crc="327677004" seo="true" ref="project10">
      <caption webpage="project10" alt=""/>
    </file>
    <file name="formsdesign_interior_luxury_24 gym_fotor_collage-crop-u36291.jpg" crc="4240943049" seo="true" ref="project10">
      <caption webpage="project10" alt=""/>
    </file>
    <file name="formsdesign_interior_luxury_25_fotor_collage-crop-u36311.jpg" crc="4277553471" seo="true" ref="project10">
      <caption webpage="project10" alt=""/>
    </file>
    <file name="formsdesign_interior_luxury_28 fotor_collage-crop-u36331.jpg" crc="3820526962" seo="true" ref="project10">
      <caption webpage="project10" alt=""/>
    </file>
    <file name="formsdesign_interior_luxury_30 kid bedroom_fotor_collage-crop-u36351.jpg" crc="433103498" seo="true" ref="project10">
      <caption webpage="project10" alt=""/>
    </file>
    <file name="formsdesign_interior_luxury_31 kid bedroom_fotor_collage-crop-u36371.jpg" crc="4144766031" seo="true" ref="project10">
      <caption webpage="project10" alt=""/>
    </file>
    <file name="formsdesign_interior_luxury_32 wc60x45.jpg" crc="4089839965" seo="true" ref="project10">
      <caption webpage="project10" alt=""/>
    </file>
    <file name="formsdesign_interior_luxury_33 wc60x45.jpg" crc="3997854853" seo="true" ref="project10">
      <caption webpage="project10" alt=""/>
    </file>
    <file name="formsdesign_interior_luxury_bedroom 1-crop-u36431.jpg" crc="4224189185" seo="true" ref="project10">
      <caption webpage="project10" alt=""/>
    </file>
    <file name="formsdesign_interior_luxury_1_fotor_collage_fotor60x45.jpg" crc="3778688190" seo="true" ref="project10">
      <caption webpage="project10" alt=""/>
    </file>
    <file name="formsdesign_interior_luxury_2_fotor_collage60x45.jpg" crc="218478674" seo="true" ref="project10">
      <caption webpage="project10" alt=""/>
    </file>
    <file name="formsdesign_interior_luxury_3_fotor_collage60x45.jpg" crc="22325465" seo="true" ref="project10">
      <caption webpage="project10" alt=""/>
    </file>
    <file name="formsdesign_interior_luxury_5_fotor_collage60x45.jpg" crc="3895499417" seo="true" ref="project10">
      <caption webpage="project10" alt=""/>
    </file>
    <file name="formsdesign_interior_luxury_8_fotor_collage-crop-u36531.jpg" crc="497461081" seo="true" ref="project10">
      <caption webpage="project10" alt=""/>
    </file>
    <file name="formsdesign_interior_luxury_9_fotor_collage-crop-u36551.jpg" crc="209885074" seo="true" ref="project10">
      <caption webpage="project10" alt=""/>
    </file>
    <file name="formsdesign_interior_luxury_11 kitchen_fotor_collage60x45.jpg" crc="301682561" seo="true" ref="project10">
      <caption webpage="project10" alt=""/>
    </file>
    <file name="formsdesign_interior_luxury_12 kitchen_fotor_collage60x45.jpg" crc="466584298" seo="true" ref="project10">
      <caption webpage="project10" alt=""/>
    </file>
  </folder>
  <file name="index.html" crc="3804824335" seo="true" mt="1488381052612" redirect="true"/>
  <file name="portfolio.html" crc="420569792" seo="true" mt="1488380062079" redirect="true"/>
  <file name="about.html" crc="3990013706" seo="true" mt="1488324805581" redirect="true"/>
  <file name="project1.html" crc="371017529" seo="true" mt="1488325596658" redirect="true"/>
  <file name="news.html" crc="235009416" seo="true" mt="1488327407712" redirect="true"/>
  <file name="contact.html" crc="3852759970" seo="true" mt="1488324318210" redirect="true"/>
  <file name="comingup.html" crc="3783868657" seo="true" mt="1488327439144" redirect="true"/>
  <file name="winningteam.html" crc="4124587612" seo="true" mt="1488327467296" redirect="true"/>
  <file name="howwework.html" crc="3825111600" seo="true" mt="1488325000047" redirect="true"/>
  <file name="project2.html" crc="420362322" seo="true" mt="1488325808007" redirect="true"/>
  <file name="project3.html" crc="180348721" seo="true" mt="1488325919406" redirect="true"/>
  <file name="project4.html" crc="190778161" seo="true" mt="1488326004360" redirect="true"/>
  <file name="project5.html" crc="4275596435" seo="true" mt="1488326325724" redirect="true"/>
  <file name="project6.html" crc="4026150338" seo="true" mt="1488326390849" redirect="true"/>
  <file name="project7.html" crc="3947562055" seo="true" mt="1488326476208" redirect="true"/>
  <file name="project8.html" crc="496106598" seo="true" mt="1488326555927" redirect="true"/>
  <file name="project9.html" crc="228207575" seo="true" mt="1488326613711" redirect="true"/>
  <file name="project10.html" crc="4256902779" seo="true" mt="1488326897885" redirect="true"/>
</manifest>